"study_79362","pathway","NES_79362","pvalue_79362","p.adjust_79362","leading_edge_genes_79362","study_94438","NES_94438","pvalue_94438","p.adjust_94438","leading_edge_genes_94438"
"GSE79362","HALLMARK_INTERFERON_GAMMA_RESPONSE",2.76775321604853,1e-10,6.25e-10,"GBP6/CD274/FCGR1A/BATF2/SECTM1/TAP1/APOL6/SERPING1/STAT1/IL15RA/GBP4/P2RY14/TAPBP/IRF1/EPSTI1/FAS/LAP3/UBE2L6/ICAM1/LGALS3BP/WARS1/JAK2/SOCS3/PARP14/VAMP5/CASP1/TRAFD1/LCP2/TRIM21/PLSCR1/FGL2/CASP7/SELP/RTP4/RIPK2/ST8SIA4/IL15/SOCS1/TRIM25/STAT2/PML/PSMB9/CSF2RB/SAMD9L/IFIH1/SAMHD1/CASP4/SP110/IFNAR2/SOD2/TNFSF10/IFITM3/PIM1/PDE4B/PSMB8/MYD88/DDX60/IRF2/MTHFD2/ADAR/PLA2G4A/LATS2/IFI35/TNFAIP6/CXCL10/SPPL2A/IFIT3/EIF4E3/CDKN1A/PSME2/IRF7/LY6E/PSME1/GCH1/HLA-B/ZNFX1/LYSMD2/STAT3/XAF1/NMI/RBCK1/HLA-A/EIF2AK2/TDRD7/IFIT2/PSMB10/PTPN1/UPP1/IFI44/HIF1A/CMPK2/NAMPT/OGFR/BPGM/RNF213/FPR1/OAS3/MARCHF1/CD86/TNFAIP2/MVP/NFKBIA/IFI44L/NLRC5/TOR1B/HELZ2/IFI30/ZBP1/IFI27/BST2/RSAD2/NFKB1/IRF9/OAS2/IL4R","GSE94438",2.54390874070336,1e-10,1e-09,"BATF2/LAP3/SERPING1/CD274/GBP6/FCGR1A/APOL6/VAMP5/SOCS1/UBE2L6/RTP4/PARP14/CASP1/IFI35/BST2/GBP4/WARS1/PSME2/STAT1/TNFSF10/TNFAIP6/EPSTI1/TAP1/SAMD9L/SECTM1/IFITM3/PLSCR1/IRF7/MT2A/STAT2/IFI27/TRAFD1/NMI/CD86/PSMB8/IFIT3/UPP1/PSMB9/CXCL10/ISG15/PML/TRIM21/IRF1/IL15/LY6E/P2RY14/LYSMD2/RIPK2/CASP4/PARP12/PSME1/OASL/ZBP1/IL15RA/IFI30/DHX58/IFIH1/MX1/PLA2G4A/DDX60/IFI44/GCH1/SP110/EIF2AK2/PSMB10/RBCK1/RIGI/IFI44L/IFIT2/ISG20/SOCS3/TDRD7/RSAD2/IRF9/SPPL2A/HLA-A/OAS2/RNF213/FGL2/MTHFD2/SAMHD1/OAS3/HLA-B/CMPK2/EIF4E3/FAS/TOR1B/PSMB2/MYD88/IFIT1/IFITM2/MX2/LGALS3BP/ICAM1/TRIM25/ADAR/HELZ2/OGFR/SLC25A28/ZNFX1/FPR1/USP18/CMTR1/NAMPT/HERC6/IRF5/B2M/BPGM/VAMP8/IRF2/RNF31/XAF1/MVP/CDKN1A/TAPBP/JAK2"
"GSE79362","HALLMARK_INTERFERON_ALPHA_RESPONSE",2.65166419324947,1e-10,6.25e-10,"BATF2/GBP2/TAP1/GBP4/IRF1/EPSTI1/LAP3/UBE2L6/LGALS3BP/WARS1/PARP9/PARP14/CASP1/TRAFD1/TRIM21/CCRL2/PLSCR1/RTP4/RIPK2/IL15/TRIM25/STAT2/TMEM140/PSMB9/SAMD9L/IFIH1/SP110/IFITM3/PSMB8/TRIM5/DDX60/IRF2/ADAR/IFI35/CXCL10/IFIT3/IFITM1/PSME2/IRF7/LY6E/SELL/PSME1/NUB1/NMI/EIF2AK2/MOV10/HLA-C/TDRD7/IFIT2/IFI44/SAMD9/CMPK2/OAS1/CSF1/OGFR/TENT5A/IFI44L/GMPR/HELZ2/IFI30/IFI27/BST2/RSAD2/IRF9/IL4R/ELF1/CD74/OASL/CNP/MX1/RNF31/IFITM2","GSE94438",2.57944628442083,1e-10,1e-09,"BATF2/LAP3/UBE2L6/RTP4/PARP14/GBP2/CASP1/CCRL2/IFI35/BST2/GBP4/WARS1/PSME2/EPSTI1/TAP1/SAMD9L/IFITM3/IFITM1/PLSCR1/IRF7/STAT2/IFI27/PARP9/TRAFD1/NMI/PSMB8/IFIT3/PSMB9/CXCL10/ISG15/TRIM21/IRF1/IL15/SELL/LY6E/OAS1/MOV10/RIPK2/NUB1/PARP12/PSME1/OASL/IFI30/DHX58/IFIH1/MX1/DDX60/IFI44/SP110/EIF2AK2/TMEM140/IFI44L/IFIT2/ISG20/TDRD7/RSAD2/IRF9/TRIM5/LAMP3/CMPK2/UBA7/IFITM2/LGALS3BP/TRIM25/ADAR/HELZ2/OGFR/SLC25A28/HLA-C/USP18/CMTR1/HERC6/B2M/IRF2/RNF31"
"GSE79362","HALLMARK_INFLAMMATORY_RESPONSE",2.61114930597197,1e-10,6.25e-10,"SCARF1/IL15RA/FZD5/CYBB/TAPBP/IRF1/ICAM1/KCNJ2/LCP2/NOD2/MSR1/IFNAR1/CCRL2/RTP4/RIPK2/GNA15/IL15/TLR1/SCN1B/MARCO/TNFSF10/PDE4B/NLRP3/TNFAIP6/CD14/CXCL10/PLAUR/IL1B/ADM/CDKN1A/IFITM1/CLEC5A/FFAR2/SPHK1/IRF7/LY6E/ABI1/SELL/GCH1/ITGB3/LYN/TLR2/NMI/IL18R1/EIF2AK2/AQP9/IRAK2/OSM/IFNGR2/P2RX7/MMP14/TNFRSF1B/HIF1A/PSEN1/NAMPT/PTPRE/CSF1/FPR1/AHR/KIF1B/ABCA1/NFKBIA/PTGER4/MXD1/MEFV/RNF144B/P2RX4/GNAI3/RHOG/SEMA4D/BST2/NFKB1/IL4R/PROK2/PTAFR/CD55/IL18RAP/C3AR1/ADGRE1/CD82/LPAR1/ACVR1B/PTGIR/TNFRSF9/CSF3R","GSE94438",2.13672180088989,1e-10,1e-09,"RTP4/CCRL2/MSR1/BST2/CYBB/MARCO/TNFSF10/TNFAIP6/C3AR1/IFITM1/IRF7/SCARF1/NMI/CXCL10/IRF1/IL15/SELL/LY6E/AXL/RIPK2/ADM/IL15RA/MMP14/GCH1/EIF2AK2/PLAUR/TLR2/LAMP3/FFAR2/OSM/KCNJ2/IL1B/TIMP1/IL18/IFNGR2/FZD5/ICAM1/IL18RAP/FPR1/SLC31A1/SPHK1/NAMPT/CD14/TLR1/PSEN1/AQP9/CDKN1A/TAPBP/TNFRSF1B/IFNAR1/GNA15/STAB1/CD55/IL18R1/MXD1/RNF144B/P2RX4/CXCL9/SGMS2/RHOG/GNAI3/BEST1/KIF1B/HBEGF/EMP3/LCP2/ABCA1/PTPRE/RGS16/SLC31A2/MEFV/SRI/LYN/CSF3R"
"GSE79362","HALLMARK_IL6_JAK_STAT3_SIGNALING",2.44776691778558,1e-10,6.25e-10,"STAT1/IL15RA/IRF1/FAS/CD44/SOCS3/LTBR/CD36/IFNAR1/CCR1/SOCS1/STAT2/CSF2RB/ACVRL1/PIM1/MYD88/IL13RA1/CD14/CXCL10/IL17RA/IL1B/TGFB1/IL10RB/TNFRSF1A/ITGB3/STAT3/LEPR/TLR2/PDGFC/IL18R1/IFNGR2/STAM2/TNFRSF1B/PTPN1/GRB2/IL12RB1/CSF1","GSE94438",2.10738882993114,1.57722029814765e-10,1.31435024845638e-09,"SOCS1/STAT1/STAT2/CD36/CXCL10/IRF1/IL15RA/SOCS3/TLR2/IRF9/CD44/IL12RB1/IL1B/CCR1/ACVRL1/BAK1/FAS/MYD88/LTBR/IFNGR2/CD14/TNFRSF1B/IFNAR1/IFNGR1/IL18R1/CXCL9/TNFRSF1A/PIM1/IL2RG/GRB2/IL13RA1/STAM2/STAT3/IL17RA/CSF3R/HMOX1/IL1R2/LEPR/IL10RB/TNFRSF21/TNFRSF12A/IL3RA/TGFB1/CSF2RA/CSF2RB"
"GSE79362","HALLMARK_COMPLEMENT",2.3732504619754,1e-10,6.25e-10,"SERPING1/C2/IRF1/LAP3/CASP5/JAK2/CASP1/CD36/LCP2/VCPIP1/CLU/PLSCR1/CASP7/ADAM9/GNB4/CTSS/PSMB9/CD59/CASP4/CTSB/ANXA5/PRCP/PIM1/CA2/IRF2/C1QC/PLA2G4A/TIMP2/PLAUR/CD46/IRF7/DOCK4/FCN1/USP8/CASP10/PRKCD/CTSC/LYN/CR1/KYNU/FN1/PLEK/MMP8/MMP14/ITGAM/GRB2/MSRB1/SRC/PSEN1/LAMP2/S100A9/CTSD/EHD1/C1QA/F5/SERPINA1/PIK3CG/ERAP2/CTSH/CTSL/USP15/GCA/DUSP6/GNAI3/CALM3/RHOG/CASP9/PDP1/CD55/LTA4H/PPP4C/C1R/PPP2CB/WAS/CEBPB/CPQ/FCER1G/GNAI2/GPD2","GSE94438",2.07025202795793,1e-10,1e-09,"C1QC/LAP3/SERPING1/C2/C1QA/CASP1/CASP5/KYNU/PLSCR1/IRF7/FCER1G/CD36/S100A9/PSMB9/IRF1/CTSS/CASP4/CTSB/CTSC/MMP14/S100A12/LTA4H/CTSL/PLA2G4A/FCN1/PLAUR/GNB4/ATOX1/CD59/MSRB1/CTSH/TIMP1/LIPA/PLEK/DOCK4/CASP10/CTSO/SRC/PRCP/CTSD/SERPINA1/GCA/LRP1/IRF2/PSEN1/ANG/ADAM9/JAK2/USP15/CEBPB/LAMP2/CD55/VCPIP1/ANXA5/DUSP6/CPQ/ITGAM/RHOG/STX4/GNAI3/MAFF/PIM1/LGALS3/LCP2/F8/CR1/GRB2/CASP7/F5/TIMP2/GPD2/PLA2G7/CLU/ME1/PPP4C/LYN/NOTCH4/PRKCD/RABIF/GNGT2/CSRP1/CPM/GNB2/PPP2CB/CD46/APOBEC3G"
"GSE79362","HALLMARK_TNFA_SIGNALING_VIA_NFKB",2.25501959840223,1e-10,6.25e-10,"TAP1/IL15RA/IRF1/ICAM1/CD44/SOCS3/CCRL2/RIPK2/STAT5A/FUT4/DRAM1/IFIH1/PFKFB3/SOD2/F2RL1/PDE4B/ZFP36/ATF3/GADD45B/NFE2L2/TNFAIP6/CXCL10/PLAUR/IL1B/CDKN1A/RELB/JAG1/SPHK1/TANK/RNF19B/BCL6/B4GALT5/PDLIM5/GCH1/TRIB1/TNIP1/BCL3/TLR2/KYNU/KLF4/IFNGR2/PLEK/IFIT2/NFKBIE/KLF10/JUNB/NAMPT/SPSB1/PTPRE/TSC22D1/CSF1/EHD1/NFIL3/ETS2/FOSL2/CFLAR/ABCA1/TNFAIP2/MARCKS/NFKBIA/DENND5A/PTGER4/MXD1/SAT1/SQSTM1/SLC2A3/MAP3K8/PNRC1/EGR2/NFKB1/SNN/MAP2K3/LITAF/EGR1/MCL1/CEBPB/TNFRSF9/PANX1/VEGFA","GSE94438",1.97088620963609,1e-10,1e-09,"ATF3/EGR1/SAT1/CCRL2/TNFAIP6/KYNU/TAP1/DRAM1/GADD45B/CXCL10/IRF1/RIPK2/IL15RA/IFIH1/EGR2/GCH1/RIGI/FOS/IFIT2/SOCS3/PLAUR/TLR2/CD44/DUSP1/IER2/JUNB/IL1B/G0S2/IL18/IFNGR2/PLEK/ICAM1/SPHK1/CEBPD/SLC2A3/NAMPT/NFE2L2/BCL2A1/B4GALT5/EGR3/EIF1/CDKN1A/PFKFB3/FOSB/CEBPB/NFKBIE/PPP1R15A/NFIL3/SLC16A6/ZFP36/MCL1/RELB/MXD1/MARCKS/F2RL1/MAFF/HBEGF/BCL3/FUT4/ABCA1/PTPRE/PDLIM5/SLC2A6/CFLAR/TNFAIP2/LITAF/TIPARP/STAT5A/TRIB1/PTGS2/IER3/JAG1/FOSL2/NINJ1/RNF19B/B4GALT1/TNIP1/TANK/DUSP5/PDE4B/TNFAIP3/SERPINB2/NFKBIA/DENND5A/FOSL1/KLF4/SERPINB8/SDC4/NFKB2/PER1/LDLR/BCL6/ETS2/GADD45A"
"GSE79362","HALLMARK_HEME_METABOLISM",2.15990336769559,1e-10,6.25e-10,"RAP1GAP/BACH1/CTSB/RIOK3/CA2/BNIP3L/MARK3/HTATIP2/LMO2/NFE2/HEBP1/CIR1/ERMAP/SLC66A2/SLC25A37/DCAF11/MPP1/SPTB/SMOX/MBOAT2/MXI1/LRP10/ALAS2/SLC22A4/XK/BMP2K/GDE1/OSBP2/TOP1/TRIM58/CAST/LAMP2/BPGM/ADIPOR1/PICALM/TAL1/SDCBP/DCAF10/GLRX5/HDGF/TRIM10/USP15/EPOR/RBM38/SLC30A1/SLC6A8/AHSP/MARCHF8/PPP2R5B/EIF2AK1/SLC6A9/SLC4A1/MARCHF2/MAP2K3/TNS1/NARF/TRAK2/ANK1/TMCC2/DMTN/BLVRA/FOXO3/GYPC/NR3C1/ATP6V0A1/SELENBP1/GAPVD1/SLC7A11/KEL/VEZF1/ENDOD1/UBAC1/BSG/XPO7/CAT/H1-0/CTNS/NCOA4/NEK7/YPEL5/KLF1/E2F2/MINPP1/SYNJ1/SNCA/MKRN1/EPB42/ACP5/CA1/ELL2/LPIN2/BLVRB/KDM7A/UCP2/DCUN1D1/FECH/HAGH/RNF123/ARHGEF12/GATA1/OPTN/GCLM/KLF3","GSE94438",1.65954784023487,6.39669793717362e-06,2.46026843737447e-05,"HEBP1/BLVRA/CTSB/LMO2/HBD/HTATIP2/HBB/CA1/TENT5C/BNIP3L/BPGM/GDE1/CIR1/DCAF11/USP15/LAMP2/MBOAT2/CAST/RIOK3/AHSP/CLIC2/ERMAP/NFE2/MGST3/E2F2/MPP1/FOXO3/RAP1GAP/CTSE/GLRX5/PICALM/SLC25A37/MARK3/PGLS/TSPO2/ELL2/SDCBP/LRP10/ATP6V0A1/TRIM58/SLC22A4/BACH1/TMEM9B/BCAM/SLC66A2/YPEL5/CCND3/UBAC1/SELENBP1/BLVRB/TMCC2/TOP1/OSBP2/XK/HBZ/HDGF/NARF/UROD/CCDC28A/BSG/SNCA/HMBS/MARCHF8/MYL4/HBQ1/BMP2K/TRIM10/FECH/TSPAN5/CA2/MXI1/EPB42/TAL1/SLC30A1/SPTA1/ALAS2/MARCHF2/ARHGEF12/XPO7/MAP2K3/GYPB/NCOA4/MKRN1/HTRA2/DCUN1D1/KLF1"
"GSE79362","HALLMARK_ALLOGRAFT_REJECTION",2.12098556689088,1e-10,6.25e-10,"GBP2/TAP1/STAT1/C2/TAP2/TAPBP/CCR2/FAS/ICAM1/WARS1/JAK2/FYB1/LCP2/HLA-E/CCR1/RIPK2/ST8SIA4/IL15/SOCS1/DEGS1/CTSS/TLR1/IFNAR2/BCL10/ITGB2/NLRP3/IGSF6/IL1B/TGFB1/IRF7/ELF4/ABI1/LYN/SRGN/BCL3/TLR2/HLA-A/IFNGR2/UBE2D1/CD1D/PSMB10/GPR65/GCNT1/HIF1A/IL12RB1","GSE94438",1.86286579235974,5.18672227512217e-10,3.70480162508726e-09,"C2/SOCS1/GBP2/WARS1/STAT1/TAP1/IRF7/TAP2/CD86/IL15/RIPK2/CTSS/PSMB10/TLR2/HLA-E/HLA-A/CD1D/IL12RB1/IL1B/DEGS1/CCR1/FAS/TIMP1/CCR2/IL18/IGSF6/IFNGR2/LY86/ICAM1/IL18RAP/SRGN/B2M/TLR1/UBE2D1/GPR65/TAPBP/HLA-DRA/JAK2/FYB1/STAB1/IFNGR1/CAPG/CXCL9/BCL10/CFP/HLA-DMB/DYRK3/IL2RG/BCL3/LCP2/HLA-DMA/TLR6/KRT1/IFNAR2/ITGB2/EIF5A/ELF4/LYN/NCF4/SPI1/ST8SIA4/CCND3/NLRP3"
"GSE79362","HALLMARK_APOPTOSIS",2.14791773671012,1.24903080818102e-10,6.9390600454501e-10,"TAP1/IRF1/FAS/CD44/CASP1/DPYD/CLU/CASP7/GNA15/CASP4/GSR/RNASEL/SOD2/TNFSF10/IFITM3/BCL10/ATF3/GADD45B/BNIP3L/TIMP2/CD14/IL1B/CDKN1A/GCH1/HGF/DAP/XIAP/PSEN1/ETF1/PPT1/CFLAR/PEA15/PTK2/SAT1/SQSTM1/PAK1/DNAJA1/GSN/APP/PPP3R1/DNAJC3/BCL2L1/PPP2R5B/CASP9/SLC20A1/BMF/RARA/MCL1/CYLD/NEDD9","GSE94438",1.83246868760993,1.15651536033683e-07,5.78257680168415e-07,"ATF3/CASP1/SAT1/TNFSF10/TAP1/IFITM3/GADD45B/IRF1/CASP4/GCH1/ISG20/CD44/IL1B/FAS/TIMP1/IL18/BNIP3L/CD14/RNASEL/PSEN1/EGR3/CDKN1A/GNA15/DDIT3/VDAC2/IFNGR1/PSEN2/MCL1/BID/BCL10/ETF1/TSPO/LGALS3/CASP7/CFLAR/TIMP2/PPP3R1/CLU/BCL2L11/PEA15/DNAJA1/HMOX1/DNAJC3/DPYD/PPT1/HGF/PAK1/IER3/TNFRSF12A/TXNIP/RARA/BAX/AIFM3/XIAP/GSR/BRCA1"
"GSE79362","HALLMARK_MYC_TARGETS_V2",-2.06667463569309,4.63479578004234e-06,2.31739789002117e-05,"PPRC1/EXOSC5/GNL3/MPHOSPH10/HSPE1/DCTPP1/NOLC1/IMP4/DDX18/MCM5/NDUFAF4/PPAN/SLC29A2/SUPV3L1/TCOF1/MYBBP1A/UTP20/UNG/RRP9/NOP2/DUSP2/WDR74/PUS1/LAS1L/TBRG4/NOP56","GSE94438",-1.79549415547026,0.000854388107492837,0.00194179115339281,"HSPD1/TFB2M/LAS1L/MPHOSPH10/NIP7/DDX18/MCM5/GRWD1/PPAN/TMEM97/TCOF1/WDR43/SUPV3L1/PPRC1/PUS1/RCL1/MYBBP1A/MYC/NOP2/NOLC1/SLC29A2/UTP20/UNG"
"GSE79362","HALLMARK_XENOBIOTIC_METABOLISM",1.822317990657,7.6352801302084e-06,3.47058187736745e-05,"RAP1GAP/FAS/SLC6A12/CD36/PGRMC1/ACP2/GSR/PROS1/IDH1/CA2/TNFRSF1A/PDLIM5/GCH1/ARG2/SMOX/ELOVL5/TMBIM6/KYNU/AQP9/GSTO1/PSMB10/UPP1/ALAS1/CNDP2/MAN1A1/ETS2/ABCC3/PGD/ALDH2/PINK1/SLC1A5/ETFDH/SPINT2/KARS1/CBR1/SLC22A1/DDAH2/PDK4","GSE94438",1.60352929458197,0.000233936297004655,0.000556991183344418,"KYNU/MT2A/CD36/UPP1/GSTO1/IDH1/ACP2/GCH1/PSMB10/SLC6A12/PROS1/CBR1/CNDP2/FAS/SERTAD1/AQP9/KARS1/DDAH2/SLC35B1/TNFRSF1A/ACSM1/ALDH2/RAP1GAP/SLC1A5/PDLIM5/PGRMC1/PGD/CES1/DHRS7/SSR3/TMBIM6/HMOX1/PAPSS2/SLC22A1/NINJ1/FBP1/ETFDH/BLVRB/HPRT1/CYP27A1/GSR/COMT/ARG1/CDA/CA2/TMEM176B/PDK4/EPHA2/ETS2/PTGES3/MAN1A1/ACOX1/CSAD/FAH"
"GSE79362","HALLMARK_IL2_STAT5_SIGNALING",1.76570928756719,1.12789574029e-05,4.69956558454168e-05,"GBP4/CD44/PLSCR1/FGL2/CDCP1/SELP/TGM2/SOCS1/TNFSF10/IFITM3/SH3BGRL2/PIM1/ST3GAL4/GADD45B/CA2/CTSZ/FURIN/CYFIP1/TLR7/CXCL10/GLIPR2/PLAGL1/SELL/CISH/IL18R1/GSTO1/TNFRSF1B/GPR65/IKZF4/SMPDL3A/CSF1/RRAGD/NFIL3/AHR/CD86/DENND5A/MXD1/SLC2A3/CDC42SE2/MAP3K8/CKAP4/SLC1A5/P2RX4/BCL2L1/IL4R/P4HA1/BMPR2/NFKBIZ/TNFRSF9/MUC1/PRAF2/CAPG/IFNGR1/GUCY1B1","GSE94438",1.66523162296144,1.86639218578905e-05,5.83247558059077e-05,"SOCS1/GBP4/TNFSF10/IFITM3/PLSCR1/GADD45B/CD86/GSTO1/CXCL10/SELL/GLIPR2/GALM/NRP1/CD44/CTSZ/TLR7/TGM2/FGL2/BATF3/SMPDL3A/SLC2A3/GPR65/RRAGD/TNFRSF1B/NFIL3/IFNGR1/IL18R1/ST3GAL4/CAPG/CST7/ANXA4/MXD1/P2RX4/CYFIP1/ARL4A/MAFF/PIM1/MUC1/SLC1A5/RGS16/SELP/SH3BGRL2/BATF/SCN9A/CDCP1/XBP1/IL1R2/AHR/MAPKAPK2/SYNGR2/CKAP4/TNFRSF21/P4HA1/CCND3"
"GSE79362","HALLMARK_ADIPOGENESIS",1.74447629663231,1.85545941436753e-05,7.13638236295204e-05,"ITGA7/AGPAT3/CD36/STAT5A/STOM/PFKFB3/IDH1/SQOR/RIOK3/CD302/DHRS7B/TANK/PRDX3/BCL6/RAB34/CAVIN2/LPCAT3/MYLK/RNF11/GHITM/ALDOA/APLP2/BCL2L13/CRAT/ABCA1/RREB1/ALDH2/RTN3/SLC1A5/ACAA2/SCP2/SDHB/PPP1R15B/PIM3/NABP1/TKT/MGLL/BCKDHA/DECR1/GPD2/ESRRA/YWHAG/SOWAHC/POR/IFNGR1/PGM1/SSPN/CPT2/CHUK/GBE1/SLC19A1/GADD45A/SLC66A3/CAT/TALDO1/BAZ2A","GSE94438",1.65081306180912,8.79071360718794e-06,3.13954057399569e-05,"SQOR/CD36/ITGA7/DECR1/IDH1/STOM/ATP1B3/DHRS7B/GHITM/SDHB/REEP5/NABP1/AGPAT3/PFKFB3/RAB34/UBC/IFNGR1/RIOK3/RNF11/COX6A1/COX8A/COX7B/APLP2/MTCH2/ESRRA/ARL4A/ADIPOR2/CDKN2C/ACAA2/MGST3/ALDH2/PRDX3/ABCA1/SLC1A5/QDPR/PIM3/ITSN1/GPD2/ME1/SULT1A1/DHRS7/RTN3/UQCR10/STAT5A/UQCR11/UQCRC1/JAGN1/TALDO1/CYC1/TANK/ETFB/LPCAT3/IDH3G/NDUFB7/PLIN2/TKT/UCK1/AK2/BCL6/MYLK/GADD45A/DRAM2/SLC66A3/CPT2/DNAJB9/ALDOA/NDUFAB1/UQCRQ/ACADS/SUCLG1/ACOX1/FAH/SLC27A1/NDUFS3/ECHS1/ARAF/ECH1/NKIRAS1/SLC19A1/SOWAHC/PHYH"
"GSE79362","HALLMARK_PROTEIN_SECRETION",1.85812660251588,2.81863574988807e-05,0.000100665562496003,"VAMP3/STX12/RAB5A/SGMS1/GALC/NAPA/CTSC/SEC24D/RAB14/SEC22B/PPT1/LAMP2/KIF1B/ABCA1/CD63/TMED2/ADAM10/ARF1/COPB2/VPS4B/VAMP7/PAM/GNAS/ARCN1/ATP6V1H/TMX1/SCAMP1/RAB22A/ARFGAP3/SSPN/GLA/AP2M1/STAM/USO1/COPB1/ARFGEF1/SNAP23/AP3B1/RAB2A","GSE94438",1.7309460237367,6.125109263923e-05,0.000170141923997861,"VAMP3/CD63/CTSC/STX12/NAPA/GALC/GLA/RER1/AP2S1/CLTA/RAB2A/TSG101/SEC22B/LAMP2/SEC24D/YKT6/COPE/KIF1B/ABCA1/AP3B1/COPB2/ARF1/AP3S1/PPT1/CLTC/TMED2/YIPF6/COPB1/ARFIP1/STX16/VAMP7/RAB5A/VPS45/ATP6V1H/SNX2/TMX1/ARFGAP3/RAB9A/TMED10"
"GSE79362","HALLMARK_E2F_TARGETS",-1.64952974830413,4.59797176730393e-05,0.000153265725576798,"TIPIN/CKS1B/RFC3/PAICS/CENPM/SNRPB/H2AX/MCM2/WEE1/MCM4/KIF2C/NAA38/PSMC3IP/RFC1/NAP1L1/MMS22L/SYNCRIP/NCAPD2/ATAD2/ORC6/RAD51AP1/RAN/SPAG5/PCNA/XPO1/SHMT1/MLH1/PRIM2/DUT/TRA2B/HELLS/MSH2/EED/BRMS1L/TUBG1/CKS2/UBE2T/CDK4/SUV39H1/XRCC6/MCM6/PPP1R8/ASF1B/RPA1/CCNE1/CSE1L/PMS2/HNRNPD/POLD1/PRKDC/SSRP1/STMN1/CBX5/DDX39A/POLD2/DCTPP1/DNMT1/NOLC1/MCM5/RAD1/PNN/MRE11/NUP205/TIMELESS/NUP107/MCM3/UNG/EXOSC8/CHEK2/RPA2/DONSON/CDC25B/LYAR/LUC7L3/PAN2/PRPS1/POLE/LIG1/ILF3/RANBP1/KIF22/CTPS1/SRSF2/TBRG4/RBBP7/WDR90/NOP56/MCM7","GSE94438",-1.05680670633814,0.317448682137896,0.417695634391968,"CIT/RAD1/NCAPD2/SMC4/PPP1R8/RPA1/RACGAP1/MCM5/PNN/MCM7/CNOT9/SMC6/ATAD2/NUP205/POLD1/RFC1/MCM2/GINS4/MCM3/MMS22L/ASF1B/KIF22/RBBP7/MYC/CBX5/CTPS1/TCF19/NUP107/HELLS/NOLC1/PMS2/PRPS1/WEE1/DNMT1/ORC2/CDC25B/LIG1/WDR90/MSH2/TIMELESS/UNG/POLE/PAN2/ILF3"
"GSE79362","HALLMARK_MTORC1_SIGNALING",1.66821458150462,6.92889030949248e-05,0.00021652782217164,"DAPP1/WARS1/SSR1/FGL2/GSR/IDH1/GAPDH/ITGB2/ERO1A/MTHFD2/UBE2D3/CDKN1A/TBK1/CTSC/ELOVL5/ACTR3/FADS2/RIT1/RAB1A/NIBAN1/HSPA4/ACSL3/ALDOA/NAMPT/ETF1/NFIL3/ACTR2/GSK3B/SQSTM1/SLC2A3/IFI30/GLRX/SKAP2/SLC1A5/PPA1/SRD5A1/ENO1/ATP6V1D/PGK1/P4HA1/LTA4H/MAP2K3/SLA/EDEM1/PGM1/GLA/GTF2H1/SLC7A11/GBE1/USO1/G6PD/TXNRD1/SLC7A5/NFYC/PDK1/RDH11","GSE94438",1.60571629035894,2.08583934531267e-05,6.13482160386078e-05,"WARS1/IDH1/CTSC/IFI30/LTA4H/GLRX/FGL2/MTHFD2/DAPP1/SRD5A1/SERP1/RAB1A/GLA/SLC2A3/NAMPT/TPI1/SSR1/PGK1/CDKN1A/LDHA/PSMA4/GAPDH/UBE2D3/PPP1R15A/NFIL3/DDIT3/YKT6/CFP/ADIPOR2/ACSL3/ETF1/SLC1A5/QDPR/PSMD13/SEC11A/ITGB2/ME1/XBP1/RIT1/PSMB5/P4HA1/NFKBIB/PSMD12/TBK1/PPA1/CXCR4/ERO1A/ENO1/HPRT1/NFYC/FADS1/SKAP2/PSMA3/GSR/SLC7A5/SLA/CANX/HMBS/IDI1/PDAP1/NIBAN1/EGLN3/COPS5/ACTR3/RPN1/LDLR/PRDX1/ATP5MC1/ATP6V1D/MAP2K3/ALDOA"
"GSE79362","HALLMARK_COAGULATION",1.80757006147326,0.000110260665179076,0.000317660256513502,"SERPING1/C2/MSRB2/CLU/ADAM9/CTSB/SPARC/PROS1/FURIN/ITGB3/FN1/PLEK/MMP8/MMP14/SH2B2/LAMP2/C1QA/SERPINA1/CTSH/GSN/DUSP6/CASP9/ARF4/LTA4H/C1R/CPQ/GP9/CTSO/RAC1/MAFF/LRP1/PEF1/PF4/PECAM1/MMP9/GNB2/CAPN2/ITGA2/GP1BA/KLF7","GSE94438",1.91354663965014,1.09039872801056e-07,5.78257680168415e-07,"SERPING1/C2/C1QA/MSRB2/CTSB/MMP14/LTA4H/ARF4/PROS1/RAC1/CTSH/TIMP1/PLEK/CTSO/SERPINA1/LRP1/ANG/ADAM9/LAMP2/DUSP6/CPQ/MAFF/F8/CTSE/HTRA1/PEF1/CLU/RABIF/CSRP1/GNB2/SERPINB2/SH2B2/FURIN/GSN/CASP9/GP9/PECAM1/ITGB3/SPARC"
"GSE79362","HALLMARK_KRAS_SIGNALING_UP",1.6892847530624,0.000114357692344861,0.000317660256513502,"PDCD1LG2/F13A1/CTSS/SCN1B/TOR1AIP2/GADD45G/F2RL1/TMEM158/PSMB8/ITGB2/ERO1A/CA2/PRDM1/PPBP/TLR8/CXCL10/PLAUR/IL1B/LCP1/PLEK2/MAFB/MMD/TRIB1/MPZL2/EPB41L3/KLF4/TNFRSF1B/GALNT3/EPHB2/VWA5A/BPGM/LAPTM5/LAT2/ADGRA2/GNG11/ADAM17/GLRX/DUSP6/GPRC5B/CLEC4A/C3AR1/FCER1G/AKAP12/GYPC/ADAM8/TMEM176B/MAP3K1/CSF2RA/GUCY1A1","GSE94438",1.62513468397548,6.77519166885846e-05,0.000178294517601538,"PDCD1LG2/C3AR1/FCER1G/PSMB8/CXCL10/CTSS/LY96/GLRX/EPB41L3/NRP1/PLAUR/IL1B/MAFB/G0S2/TOR1AIP2/TLR8/VWA5A/GNG11/BPGM/TNFRSF1B/EPHB2/CLEC4A/LCP1/LAT2/PPP1R15A/SEMA3B/DUSP6/GALNT3/GADD45G/USP12/F2RL1/HBEGF/IL2RG/TMEM158/PPBP/RGS16/ITGB2/GUCY1A1/TRIB1/PTGS2/CXCR4/ERO1A/LAPTM5/CSF2RA/SCN1B/MMD/F13A1/TNFAIP3/SLPI/PRDM1/ARG1/FUCA1/CA2/CMKLR1/KLF4/TMEM176B"
"GSE79362","HALLMARK_PI3K_AKT_MTOR_SIGNALING",1.73907860036001,0.000483986180704003,0.0012736478439579,"DUSP3/DAPP1/RALB/STAT2/MYD88/UBE2D3/CDKN1A/TBK1/TNFRSF1A/MKNK1/CAB39/ACTR3/RIT1/GRB2/ACTR2/GSK3B/SQSTM1/SMAD2/ARF1/RPS6KA1/MAPKAP1/MAP2K3/PRKAR2A/SLA/PTEN/E2F1/RIPK1/RAC1/AP2M1/ARPC3","GSE94438",1.51966013853933,0.00456788043203855,0.00845903783710844,"DUSP3/STAT2/RAC1/DAPP1/RALB/PRKAG1/MYD88/ARPC3/CDKN1A/UBE2D3/DDIT3/RIPK1/TNFRSF1A/IL2RG/GRB2/PTEN/MAP2K6/IRAK4/ARF1/CFL1/RIT1/CLTC/MKNK1/NFKBIB/CSNK2B/TBK1/CXCR4/E2F1/SLA/YWHAB/RPS6KA1/ACTR3/AKT1S1"
"GSE79362","HALLMARK_UV_RESPONSE_UP",1.62502179824113,0.00103529181534415,0.00255588018072342,"TAP1/IRF1/ICAM1/SLC6A12/CREG1/GRINA/SOD2/ATF3/MGAT1/CA2/FURIN/RAB27A/ATP6V1C1/GCH1/PRKCD/TMBIM6/LYN/MMP14/DLG4/ALDOA/JUNB/ALAS1/PPT1/CDKN2B/HLA-F/ARRB2/NFKBIA/NUP58/CYB5R1/SQSTM1/DNAJA1/SLC6A8","GSE94438",1.64998351043091,0.000107963353446868,0.000269908383617169,"ATF3/TAP1/CREG1/IRF1/MMP14/IGFBP2/GCH1/FOS/SLC6A12/GRINA/JUNB/HLA-F/BAK1/ICAM1/DLG4/AP2S1/MGAT1/FOSB/ATP6V1F/ARRB2/ATP6V1C1/YKT6/CNP/BID/CDC34/EIF2S3/STARD3/CYB5R1/CLTB/BCL2L11/HYAL2/SULT1A1/RAB27A/TMBIM6/LYN/ACAA1/DNAJA1/HMOX1/PRKCD/PPT1/PPIF/CCND3/MRPL23/UROD/BSG/NFKBIA/NAT1/PDAP1/FURIN/CA2"
"GSE79362","HALLMARK_HYPOXIA",1.5800740807202,0.00107346967590384,0.00255588018072342,"SDC3/TGM2/SIAH2/EXT1/PFKFB3/PIM1/UGP2/GAPDH/ZFP36/ATF3/ERO1A/BNIP3L/CITED2/PLAUR/ADM/CDKN1A/WSB1/MXI1/VHL/ALDOA/NDST1/RRAGD/NFIL3/HK1/FOSL2/SLC2A3/GLRX/PNRC1/RBPJ/PDK3/ENO1/PGK1/P4HA1/PAM/AKAP12/VEGFA/FOXO3/GAA/SDC4/NR3C1/SELENBP1/PGM1/MAP3K1/GBE1/MAFF/TGFBI/DPYSL4/PDK1/TIPARP/PLIN2/ISG20/HDLBP/SLC6A6/ZNF292/LDHA/DUSP1/GALK1/KLF7/FBP1/PLAC8/TNFAIP3/PGM2","GSE94438",1.7610909164049,9.21435936711131e-07,4.18834516686878e-06,"ATF3/SDC3/MT2A/ADM/PLAC8/GLRX/SAP30/FOS/ISG20/PLAUR/TGM2/DUSP1/NOCT/NAGK/SLC2A3/TPI1/BNIP3L/ANXA2/S100A4/PGK1/CDKN1A/RRAGD/PFKFB3/LDHA/GAPDH/PPP1R15A/NFIL3/DDIT3/ZFP36/PDK3/EXT1/TGFBI/RBPJ/MAFF/PIM1/WSB1/PRDX5/TPST2/FOXO3/SIAH2/UGP2/HMOX1/TIPARP/P4HA1/CITED2/IER3/GALK1/FOSL2/SELENBP1/FBP1/CXCR4/ERO1A/ENO1/MT1E/JMJD6/TNFAIP3/PLIN2"
"GSE79362","HALLMARK_ANDROGEN_RESPONSE",1.63325960107416,0.00134923954801747,0.00306645351822153,"GSR/PDLIM5/SEC24D/ELOVL5/SLC38A2/TMEM50A/VAPA/ABHD2/ACSL3/TSC22D1/UBE2J1/STEAP4/SAT1/PIAS1/SRF/GNAI3/CAMKK2/XRCC5/AKAP12/ACTN1/ABCC4/PTK2B/GUCY1A1/B2M/B4GALT1/APPBP2/FKBP5/SRP19/HPGD/H1-0/NCOA4/HOMER2/ELL2/ARID5B/ANKH/HERC3","GSE94438",1.37711968852896,0.0396145610278373,0.0660242683797288,"SAT1/B2M/VAPA/MYL12A/TMEM50A/FKBP5/SEC24D/MERTK/GNAI3/ACSL3/SPCS3/CAMKK2/PDLIM5/PTK2B/SMS/ELL2/GUCY1A1/CCND3/B4GALT1/FADS1/GSR/IDI1/PIAS1/UBE2J1/STEAP4/ADRM1/DNAJB9/ABHD2/NCOA4/XRCC5/DBI/SRP19/HPGD/PA2G4/ELOVL5"
"GSE79362","HALLMARK_ESTROGEN_RESPONSE_EARLY",1.56292752865524,0.00172091058593544,0.00374110996942486,"CD44/JAK2/AFF1/TGM2/SIAH2/MYOF/AMFR/RAB31/TMEM164/MICB/CISH/CANT1/ELOVL5/KLF4/ABHD2/CBFA2T3/CHPT1/KLF10/GAB2/ALDH3B1/SLC24A3/SLC37A1/ZNF185/FHL2/ELF1/RARA/PPIF/MUC1/UGCG/TBC1D30/GLA/ENDOD1/B4GALT1/MINDY1/FKBP5/NRIP1/SLC7A5/TIPARP/INHBB/MAST4/ISG20L2/ANXA9/KAZN/SEMA3B","GSE94438",0.866146195042746,0.758974358974359,0.807419530823786,"MYOF/FOS/CD44/MICB/TGM2/GLA/AFF1/EGR3/JAK2/FKBP5/RAB31/SEMA3B/TTC39A/MUC1/SIAH2/XBP1/TIPARP/PAPSS2/PPIF/ALDH3B1/ZNF185/RARA/B4GALT1/BLVRB/SLC7A5/ITPK1/UNC119/ISG20L2/CHPT1/GAB2/KLF4/CANT1/ARL3"
"GSE79362","HALLMARK_APICAL_JUNCTION",1.52270211138925,0.0033775764970626,0.00703661770221376,"CD274/MAPK14/ICAM1/MAP3K20/FYB1/MYL9/SDC3/ADAM9/NEXN/MPZL2/CLDN5/VCAN/PIK3CB/SRC/SIRPA/CRAT/CD86/PTK2/SKAP2/CD209/YWHAH/VASP/ADAM15/ZYX/CNN2/GNAI2/TSPAN4/RAC2/SYK/ACTN1/ACTB/PTEN/FSCN1/CTNNA1/TGFBI/RSU1/IRS1/B4GALT1/ICAM5/JAM3/PECAM1/PTPRC/MMP9/INPPL1/CLDN9/ITGA2/ARPC2/CAP1/NECTIN2/GNAI1/NF2/RRAS/MSN","GSE94438",1.18694787149494,0.157786885245902,0.239071038251366,"CD274/SDC3/VCAN/CD86/CD209/MAPK14/MDK/MAP3K20/NEXN/ICAM1/TSPAN4/SRC/RRAS/ARPC2/ADAM9/FYB1/MYL12B/TGFBI/STX4/CTNNA1/PTEN/VASP/B4GALT1/MYL9/ADAM15/SKAP2/ZYX/GNAI2/ACTB/NECTIN2/IKBKG/SIRPA/RSU1/SYK/PECAM1/CD99/PIK3CB/GTF2F1/ICAM5/RAC2/ICAM2/PFN1/ITGB4/MPZL2/YWHAH/PCDH1/CTNND1/ALOX15B/CLDN5"
"GSE79362","HALLMARK_ESTROGEN_RESPONSE_LATE",1.49158515145321,0.00504900625028839,0.0100980125005768,"CD44/JAK2/SNX10/AFF1/SIAH2/PRKAR2B/ZFP36/CA2/MYOF/AMFR/RAB31/MICB/CISH/ELOVL5/KLF4/ABHD2/CHPT1/PRLR/S100A9/ALDH3B1/SLC24A3","GSE94438",1.35613467602403,0.0256410256410256,0.0442086648983201,"S100A9/MYOF/FOS/ISG20/DNAJC1/CD44/MICB/MDK/SERPINA1/GLA/ST14/AFF1/PRKAR2B/EGR3/JAK2/FKBP5/SNX10/ZFP36/RAB31/SEMA3B/PRLR/BATF/SIAH2/XBP1/PAPSS2/PPIF/ALDH3B1/GFUS/BLVRB/COX6C/HPRT1/ETFB/SLC7A5/ITPK1/GPER1/IMPA2/CHPT1/CA2/KLF4/PTPN6"
"GSE79362","HALLMARK_TGF_BETA_SIGNALING",1.60842907982225,0.00552803216414353,0.0106308310848914,"FURIN/UBE2D3/TGFB1/RAB31/ACVR1/IFNGR2/XIAP/PPM1A/KLF10/JUNB/TGFBR1/BMPR2/SLC20A1/FKBP1A/CTNNB1/SMURF1/ARID4B/BCAR3/RHOA","GSE94438",0.885999946292668,0.669354838709677,0.737834725021595,"JUNB/FKBP1A/IFNGR2/UBE2D3/PPP1R15A/RAB31/RHOA/TGFB1/XIAP/SMAD1/SLC20A1/FURIN/BMPR2/PPM1A/THBS1/SKIL"
"GSE79362","HALLMARK_P53_PATHWAY",1.43720025248491,0.0109897391478248,0.0203513687922682,"TAP1/FAS/RHBDF2/TCN2/CASP1/TRAFD1/SOCS1/DRAM1/STOM/ATF3/CDKN1A/TGFB1/GM2A/SPHK1/RNF19B/KLF4/UPP1/ZFP36L1/PTPRE/TSC22D1/VWA5A/PPM1D/CTSD/CDKN2B/CEBPA/RB1/VDR/MXD1/SAT1/TGFA/SP1/SERTAD3/IFI30/APP/MAPKAPK3/TAX1BP3/BAK1/CD82/PDGFA/ACVR1B","GSE94438",1.62890737186257,1.75779183292898e-05,5.83247558059077e-05,"ATF3/SOCS1/CASP1/SAT1/TCN2/TAP1/DRAM1/TRAFD1/UPP1/RHBDF2/IFI30/FOS/GM2A/STOM/BAK1/FAS/SERTAD3/SPHK1/VWA5A/CTSD/ST14/S100A4/VAMP8/SDC1/CDKN1A/H2AJ/PPP1R15A/DDIT3/PLXNB2/MAPKAPK3/MXD1/S100A10/HBEGF/SP1/FOXO3/PTPRE/RGS16/HMOX1/SEC61A1/CCND3/IER3/NINJ1/RNF19B/TXNIP/TGFB1/SLC3A2/BAX"
"GSE79362","HALLMARK_ANGIOGENESIS",1.60958931508017,0.0123277653734679,0.0220138667383356,"JAG1/LRPAP1/VCAN/PTK2/APP/PDGFA/VEGFA/SPP1/FSTL1/PF4/PGLYRP1/LPL","GSE94438",1.58404938486869,0.0130483592961236,0.0233006416002207,"VCAN/NRP1/TIMP1/S100A4/LRPAP1/TNFRSF21/JAG1"
"GSE79362","HALLMARK_CHOLESTEROL_HOMEOSTASIS",1.48592486319011,0.0197818765410361,0.0341066836914416,"FBXO6/CLU/PLSCR1/ANXA5/ATF3/PLAUR/JAG1/FADS2/ATF5/NIBAN1/CXCL16/NFIL3/ACSS2/ANTXR2/PNRC1/PDK3","GSE94438",1.65217889108513,0.00162949356520569,0.00339477826084519,"ATF3/FBXO6/PLSCR1/PLAUR/CXCL16/ATF5/S100A11/ACSS2/NFIL3/SEMA3B/ANXA5/PDK3/LGALS3/GUSB/STX5/CLU/JAG1/TNFRSF12A/ETHE1/PMVK/IDI1/NIBAN1"
"GSE79362","HALLMARK_MYC_TARGETS_V1",-1.25512327124279,0.0273909134776925,0.0456515224628208,"DUT/SF3B3/TRA2B/TCP1/GOT2/LSM2/NCBP1/TRIM28/RPS6/CDK4/CDK2/XRCC6/RPS10/RPL6/HNRNPA2B1/CCT2/EIF3J/XPOT/MCM6/TOMM70/SNRPA/GNL3/HSPE1/PHB2/HNRNPD/SRSF3/C1QBP/RPLP0/SNRPD3/NCBP2/POLD2/CSTF2/NOLC1/RPS3/G3BP1/RPL18/POLE3/RPS2/DDX18/CCT3/LSM7/HNRNPA1/MCM5/RPS5/NHP2/HNRNPA3/RPL14/PRPF31/FBL/GLO1/MRPL9/RNPS1/CCT7/BUB3/HSP90AB1/PWP1/IMPDH2/EIF4A1/EXOSC7/RRP9/CAD/PPIA/TARDBP/RFC4/APEX1/HDDC2/SRSF7/RANBP1/CTPS1/SRSF2/SNRPA1/NOP56/MCM7","GSE94438",1.04398798648996,0.398373983739837,0.497967479674797,"PSMB3/PSMA1/PSMB2/YWHAE/CUL1/PGK1/LDHA/KARS1/PSMA4/EIF4H/SRPK1/KPNB1/ETF1/PRDX3/PRDX4/AP3S1/COX5A/H2AZ1/CNBP/VDAC1/PSMA7/UBE2E1/MRPL23/PSMA6/CYC1/HPRT1/PSMD8/HDGF/UBE2L3/CANX/SLC25A3/PSMA2/TXNL4A/COPS5/VDAC3/RPL34/PTGES3/NDUFAB1/PRPS2/EIF2S2/ERH/STARD7/SSBP1/SNRPB2/SNRPG/NME1/HNRNPC"
"GSE79362","HALLMARK_EPITHELIAL_MESENCHYMAL_TRANSITION",1.38749229794058,0.0336927223719677,0.0543431005999478,"FAS/CD44/MYL9/TGM2/IL15/CD59/SNTB1/SPARC/GADD45B/ITGB5/PLAUR/TGFB1/ITGB3/MYLK/FN1/MMP14/VCAN/CALD1/WIPF1/ACTA2/SAT1/TPM4/VIM/SLC6A8/LOXL1/BASP1/VEGFA/CAPG/TPM1/SDC4/GADD45A/TGFBI/LRP1/SPP1/FSTL1/COPA","GSE94438",1.53417494785074,0.00183688596728367,0.00367377193456735,"SAT1/VCAN/GADD45B/IL15/MMP14/IGFBP2/PLAUR/CD44/CD59/TGM2/FAS/TIMP1/LGALS1/LRP1/SDC1/FSTL3/CAPG/TGFBI/EMP3/HTRA1/LOXL1/VIM/GLIPR1/PLOD1/DAB2/TNFRSF12A/CALU/COL8A2/TGFB1/QSOX1/MYL9/TNFAIP3/FUCA1/BASP1/ACTA2/TPM4/FBN2/SDC4/COLGALT1/MYLK/GADD45A/ITGB3/SPARC/PPIB/THBS1/CXCL1"
"GSE79362","HALLMARK_PEROXISOME",1.38735370311261,0.0403899721448468,0.0631093314763231,"ACSL4/SOD2/IDH1/BCL10/ATXN1/ACSL1/ALDH1A1/GSTK1/ELOVL5/STS/HSD17B11/SEMA3C/HSD3B7/DLG4/CRAT/CNBP/MVP/ABCD1/SCP2/YWHAH/VPS4B/PABPC1","GSE94438",1.14923801276971,0.229367631296892,0.327668044709845,"IDH1/ALDH1A1/HSD17B11/GSTK1/STS/DLG4/HMGCL/MVP/ACSL4/ACSL1/BCL10/TSPO/PRDX5/FIS1/ACOT8/ACAA1/CNBP/ABCD1/FADS1/HSD3B7/IDI1/PRDX1/IDH2/HSD17B4/ACOX1/FDPS/SLC27A2/CDK7/ATXN1/ECH1"
"GSE79362","HALLMARK_GLYCOLYSIS",1.30083000152018,0.0526315789473684,0.0797448165869218,"CD44/SDC3/EXT1/HS2ST1/IDH1/UGP2/ERO1A/IL13RA1/CITED2/DSC2/ME2/PKM/MXI1/RBCK1/VCAN/ALDOA/RRAGD/PGAM1/SLC16A3/PYGL/TGFA/B4GALT4/GLRX/COPB2/PDK3/ENO1/PGK1/P4HA1/PPP2CB/PAM/VEGFA/CHPF2/TGFBI/B4GALT1/TALDO1/DPYSL4/LHPP/G6PD/NOL3/GNPDA1/CLDN9/ISG20/HDLBP/ZNF292/LDHA/GALK1/DLD/NDUFV3/QSOX1","GSE94438",1.70881807054897,2.45415707634221e-06,1.02256544847592e-05,"SDC3/VCAN/IDH1/GLRX/SAP30/RBCK1/ISG20/CD44/NOL3/TPI1/TXN/ANG/SDC1/PGK1/AKR1A1/RRAGD/LDHA/DSC2/ME2/SLC16A3/PDK3/EXT1/TGFBI/MERTK/AGRN/GLCE/SRD5A3/IL13RA1/HS2ST1/GUSB/PGLS/COPB2/ME1/PGAM1/UGP2/P4HA1/CITED2/IER3/PLOD1/GALK1/GFUS/TALDO1/CXCR4/PPP2CB/GNPDA1/B4GALT1/NDUFV3/ERO1A/QSOX1/ENO1/NASP/GMPPA"
"GSE79362","HALLMARK_REACTIVE_OXYGEN_SPECIES_PATHWAY",1.39317795276451,0.061046511627907,0.0897742818057456,"GSR/SOD2/SBNO2/MGST1/FES/JUNB/HHEX/MSRA/GLRX/MPO/PRNP/ATOX1/CAT/PRDX6/MBP/G6PD/TXNRD1/GPX3/FTL/CDKN2D/GCLM/PTPA/PRDX1/TXN/SRXN1","GSE94438",1.68519288582889,0.00195241418240293,0.00375464265846717,"MGST1/GLRX/ATOX1/JUNB/CDKN2D/TXN/FTL/LAMTOR5/HHEX/FES/SBNO2/PRDX4/PRDX6/GLRX2/MSRA/SELENOS/GSR/NDUFA6/SRXN1/NDUFS2/PTPA/LSP1/PRDX1/NDUFB4"
"GSE79362","HALLMARK_OXIDATIVE_PHOSPHORYLATION",1.24825896532605,0.0691747572815534,0.0988210818307906,"RHOT1/CASP7/CPT1A/ATP1B1/TIMM10/IDH1/ATP6V0C/ATP6V1C1/PRDX3/COX15/HADHB/SLC25A20/ALAS1/HADHA/ATP6V0E1/ACAA2/SDHB/ETFDH/ATP6V1E1/ATP6V1D/PDP1/CYB5R3/BCKDHA/PDK4/DECR1/MFN2/ATP6V1H/POR/ATP6AP1","GSE94438",1.79362566765601,2.19775558788576e-09,1.3735972424286e-08,"TIMM10/DECR1/IDH1/HCCS/ATP6V0E1/COX15/HADHB/NDUFB6/SDHB/ATP6V0B/COX5B/COX6B1/LDHA/ATP6V1F/TCIRG1/VDAC2/ATP6V1C1/NDUFS6/COX6A1/COX8A/NDUFB1/ETFA/RHOT1/COX7B/SLC25A20/NDUFB3/ATP6V1E1/NDUFC2/ACAA2/ATP5F1E/UQCRFS1/SDHD/MGST3/CPT1A/PRDX3/ATP5PF/ATP5PD/NDUFA9/CASP7/NDUFB5/COX5A/ACAA1/ATP5F1B/MPC1/UQCR10/ATP5MC3/NDUFA1/VDAC1/UQCR11/UQCRC1/ATP5MG/COX7A2/ETFDH/COX6C/SLC25A11/GLUD1/BAX/CYC1/ATP6AP1/ETFB/NDUFA3/HADHA/IDH3G/NDUFB8/ATP5MF/COX4I1/NDUFC1/NDUFB7/SLC25A3/NDUFS4/HSD17B10/ACADVL/UQCRB/ATP6V1G1/NDUFA6/NDUFS2/SURF1/NDUFA8/NDUFA4/NDUFA2/MRPS11/TOMM22/PDK4/POLR2F/ATP6V0C/VDAC3/UQCRC2/ATP5MC1/TIMM13/ATP6V1H/ATP6V1D/NDUFB4/OXA1L/NDUFAB1/UQCRQ/HTRA2/IDH2/SUCLG1/TIMM8B/NDUFS3/NQO2/COX7C/ATP5MC2/ECHS1/CYCS/ECH1/TIMM17A/PHYH/UQCRH/ATP5F1C/COX17/MRPL15/ATP5ME/SDHC/POR/NDUFB2/IDH3B/ATP5PB/MFN2/NDUFA5/DLD/NDUFS7/COX7A2L/NDUFS8/ALAS1"
"GSE79362","HALLMARK_NOTCH_SIGNALING",1.31683999373772,0.1171875,0.159399241968049,"FZD5/JAG1/FZD1/PSENEN/TCF7L2/CUL1/APH1A","GSE94438",1.21146977215019,0.22007722007722,0.323642970701794,"SAP30/PSENEN/FZD5/CUL1/PSEN2/SKP1/APH1A/ST3GAL6/JAG1/RBX1/FZD1/TCF7L2/ARRB1"
"GSE79362","HALLMARK_MYOGENESIS",1.22369213876743,0.117955439056356,0.159399241968049,"ITGA7/CD36/CLU/SPARC/GADD45B/ITGB5/KLF5/CDKN1A/TGFB1/ACSL1/SPHK1/MYLK/RIT1/TNNT1/MEF2A/CRAT/RB1/GSN/APP/SLC6A8/FOXO4/GAA/TPM3/ATP6AP1/SSPN/GABARAPL2/SYNGR2/PRNP","GSE94438",1.12944394883917,0.236401673640167,0.328335657833566,"GADD45B/CD36/ITGA7/SPHK1/CDKN1A/TPM3/TNNI2/GABARAPL2/MRAS/PLXNB2/PSEN2/ACSL1/MYBPC3/FKBP1B/AGRN/HBEGF/CLU/IGFBP7/RIT1/SYNGR2/TNNT1/TGFB1/ATP6AP1/MYL4/PDLIM7/GSN/GAA/MEF2A/LSP1/MYLK/SPARC/TNNT3/MYL6B/FDPS/KLF5/PYGM/TNNC2/NQO1/SIRT2/CFD"
"GSE79362","HALLMARK_UV_RESPONSE_DN",1.19210085437556,0.144010767160162,0.189487851526528,"MAPK14/PRKAR2B/ATXN1/FZD2/CITED2/SIPA1L1/RUNX1/PDLIM5/ITGB3/LTBP1/GCNT1/FHL2/NFKB1/MGLL/CACNA1A/LPAR1/DYRK1A/SPOP/PTEN/TGFBR2/NR3C1/IRS1/ANXA4/NEK7/CDC42BPA/RXRA/PIK3CD","GSE94438",-1.0044421239598,0.5,0.595238095238095,"GRK5/IRS1/CDK13/SMAD7/BMPR1A/ADD3/SCAF8/PRDM2/SYNJ2/LAMC1/DBP/RBPMS/MYC/BCKDHB/INPP4B/SCN8A/PRKCA/AKT3/ABCC1/TENT4A/SLC7A1/SMAD3/SFMBT1/ARHGEF9/SYNE1/KALRN/MTA1/FBLN5"
"GSE79362","HALLMARK_PANCREAS_BETA_CELLS",1.31587494983059,0.154657293497364,0.194408740359897,"LMO2/MAFB/VDR","GSE94438",1.12147163794832,0.337662337662338,0.432900432900433,"LMO2/MAFB/SEC11A/SPCS1"
"GSE79362","HALLMARK_FATTY_ACID_METABOLISM",1.18183745403591,0.155526992287918,0.194408740359897,"UBE2L6/CD36/ACSL4/CPT1A/IDH1/CA2/ACSL1/NBN/PSME1/ALDH1A1/ELOVL5/HSD17B11/CD1D/HADHB/ALDOA/CRAT/GLUL/SERINC1/ACAA2/ETFDH/YWHAH/CBR1/MGLL/DECR1/GPD2/BLVRA","GSE94438",1.51087109711165,0.00140942810025221,0.00306397413098307,"UBE2L6/CD36/DECR1/IDH1/BLVRA/PSME1/HCCS/NBN/ALDH1A1/CD1D/CBR1/G0S2/HSD17B11/HADHB/LGALS1/HMGCL/LDHA/GLUL/ACSL4/ACSL1/S100A10/IL4I1/ADIPOR2/ACAA2/SDHD/CPT1A/GPD2/SMS/ACOT8/ME1/PRDX6/ACAA1/H2AZ1/ETFDH/UROD/IDH3G/PCBD1/HSD17B10/ACADVL/HSDL2/IDI1/CA2/CA4/CPT2/ALDOA/OSTC/ACADS/SUCLG1/HSD17B4/ACOX1/ECHS1/ECH1/ERP29/SDHC/HPGD/YWHAH/ELOVL5/NSDHL/ACSL5/IDH3B"
"GSE79362","HALLMARK_DNA_REPAIR",-1.03377306461009,0.341013824884793,0.415870518152186,"SSRP1/NELFCD/NCBP2/GTF3C5/POLR2F/POLA1/ERCC2/POM121/AK1/SNAPC5/RAD52/NFX1/ITPA/NME3/USP11/ADA/SNAPC4/ERCC1/NT5C/IMPDH2/RPA2/DGCR8/AAAS/RFC4/NPR2/TARBP2/SRSF6/LIG1/POLR1C/POLR2H/ERCC3/TAF1C","GSE94438",1.23876286699456,0.0921187308085978,0.148578598078383,"POLB/NT5C3A/CMPK2/GSDME/POLD3/TK2/GMPR2/TSG101/CLP1/EIF1B/TAF13/CETN2/GTF2A2/DAD1/MPC2/TAF12/NELFE/POLR2J/POLE4/TAF10/SDCBP/STX3/SUPT4H1/BCAM/POLR1D/SEC61A1/TMED2/HPRT1/RFC2/RBX1/PDE4B/POLR1H/CDA/POLR2G/SURF1/GTF2B/HCLS1/CANT1/POLR2F/VPS28/EDF1/ADRM1/DCTN4/ALYREF/POLR2E/GTF2F1/RRM2B/DGUOK/POLR2I/GUK1/PDE6G/POLR2C/GTF2H1/NME1/COX17"
"GSE79362","HALLMARK_MITOTIC_SPINDLE",1.03518129162791,0.387213510253317,0.460968464587282,"LMNB1/KPTN/DOCK4/ABI1/PDLIM5/PCGF5/KIF5B/STAU1/MAPRE1/CTTN/KIF1B/MARCKS/STK38L/GSN/YWHAE/CDC42EP1/ARL8A/MAP3K11/CDK5RAP2/PKD2/PPP4R2/RANBP9/ABR/NEDD9/ARF6/PREX1/PXN/ARHGEF11/NCK2/TLK1/BCL2L11/CDC42/FSCN1/OPHN1/CLIP2/CAPZB/CDC42EP4/AKAP13/CLIP1/CDC42BPA/FGD6/APC/ARFGEF1/RICTOR/SOS1/HOOK3/MARK4/MAP1S/FGD4/ARHGAP27/PAFAH1B1/WASF2/SSH2","GSE94438",0.564532087961477,0.998979591836735,0.998979591836735,"LMNB1/KPTN/CDC42/YWHAE/DOCK4/CDK5RAP2/CDC42EP4/MARCKS/MAPRE1/KIF1B/PDLIM5/ARL8A/SHROOM1/ITSN1/BCL2L11/MAP3K11/ARHGAP27/CDC42BPA/PCGF5/FGD4/CDC42EP1/GSN/FGD6/ABI1/BRCA2/ARHGEF12/CAPZB/PXN/HOOK3/CCDC88A/RICTOR/ARHGEF11/CDC27/NOTCH2"
"GSE79362","HALLMARK_G2M_CHECKPOINT",0.993701363107868,0.475903614457831,0.553376295881199,"MAPK14/MAP3K20/H2BC12/PML/LMNB1/EGF/DR1/TGFB1/RAD23B/BCL3/KPNB1/ATF5/KIF5B/TOP1/HIF1A/MARCKS/CUL1","GSE94438",0.857017879916512,0.7926455566905,0.80882199662296,"MT2A/PML/LMNB1/SAP30/MAPK14/MAP3K20/CUL1/ATF5/H2BC12/KPNB1/JPT1/MARCKS/CDKN2C/CHMP1A/BCL3/E2F2/UBE2S/EGF/H2AZ1/HMGB3"
"GSE79362","HALLMARK_BILE_ACID_METABOLISM",0.980814580459469,0.501404494382023,0.569777834525026,"IDH1/ATXN1/ACSL1/ALDH1A1/GSTK1/BMP6/FADS2/AQP9/HSD17B11/HSD3B7/ABCA1/ABCD1/SCP2/PEX11G/BCAR3/PEX13/CAT/SLC23A2/NEDD4/RXRA/KLF1/PNPLA8","GSE94438",0.830685397688402,0.777656078860898,0.80882199662296,"IDH1/ALDH1A1/PEX11G/HSD17B11/GSTK1/AQP9/ACSL1/PRDX5/ABCA1/ABCD1/FADS1/CYP27A1/HSD3B7/IDI1/IDH2/HSD17B4/SLC27A2/KLF1/ATXN1/PHYH/RXRA/PEX19/ACSL5/PEX16"
"GSE79362","HALLMARK_APICAL_SURFACE",0.929316921309594,0.565217391304348,0.628019323671498,"PLAUR/FLOT2/LYN/ADAM10/APP/GHRL/B4GALT1","GSE94438",0.921714820337751,0.595744680851064,0.676982591876209,"PLAUR/ADIPOR2/IL2RG/LYN/FLOT2/B4GALT1/BRCA1/CRYBG1"
"GSE79362","HALLMARK_WNT_BETA_CATENIN_SIGNALING",0.900332684526948,0.620481927710843,0.674436877946569,"NKD1/JAG1/NCSTN/FZD1/NUMB/CUL1/ADAM17/RBPJ","GSE94438",-1.20142701514507,0.153846153846154,0.239071038251366,"DVL2/MYC/CCND2/KAT2A/CSNK1E/PTCH1/PPARD/LEF1/AXIN2/TCF7"
"GSE79362","HALLMARK_HEDGEHOG_SIGNALING",0.874343877061975,0.655763239875389,0.697620467952542,"PML/DPYSL2/ETS2/TLE3/SLIT1/VEGFA/OPHN1/NRP2","GSE94438",1.03513341855346,0.443444730077121,0.540786256191611,"PML/NRP1/DPYSL2"
"GSE79362","HALLMARK_KRAS_SIGNALING_DN",-0.880259494182556,0.741935483870968,0.772849462365591,"COQ8A/SGK1/CCDC106/CLSTN3/LYPD3/GTF3C5/GAMT/TAS2R4/TCL1A/IDUA/MSH5/CELSR2/NR4A2/SIDT1/TFCP2L1/ZBTB16/WNT16/STAG3/GPR19/YPEL1/PDE6B","GSE94438",0.957656180779427,0.562162162162162,0.6536769327467,"KCNMB1/IGFBP2/MX1/IFI44L/RSAD2/C5/TENT5C/SLC12A3/PTPRJ/EGF/KRT1/MEFV/MAGIX"
"GSE79362","HALLMARK_UNFOLDED_PROTEIN_RESPONSE",-0.846441282853981,0.876447876447876,0.894334567803956,"XPOT/EXOSC9/EXOSC5/RPS14/GEMIN4/DDX10/EDC4/WFS1/EIF2AK3/NOLC1/IMP3/ALDH18A1/ARFGAP1/ASNS/NHP2/HSPA9/GOSR2/EXOSC2/LSM4/EIF4A2/EXOC2/BANF1/EIF4A1/EXOSC10/RRP9/CXXC1/DKC1/FUS/NOP56/TSPYL2","GSE94438",1.11664843497833,0.282722513089005,0.382057450120277,"ATF3/MTHFD2/ATF6/SERP1/IFIT1/NABP1/SSR1/EIF4EBP1/CEBPB/EXOSC4/YWHAZ/SPCS3/HERPUD1/SEC11A/SPCS1/XBP1/DNAJC3"
"GSE79362","HALLMARK_SPERMATOGENESIS",0.728180117893674,0.924963924963925,0.924963924963925,"SEPTIN4/PGS1/STAM2/AGFG1/HSPA1L/ACRBP/TLE4/PRKAR2A/CLPB/IP6K1/TALDO1/CHFR/JAM3/CSNK2A2","GSE94438",0.891424441396408,0.678807947019868,0.737834725021595,"SEPTIN4/PGS1/ARL4A/STAM2/AGFG1/ACRBP/TALDO1/IL12RB2/HBZ"
